{
	"info": {
		"_postman_id": "e5c2b7b6-2ad4-443b-857e-0681dd0c390b",
		"name": "ott",
		"schema": "https://schema.getpostman.com/json/collection/v2.1.0/collection.json",
		"_exporter_id": "31126126"
	},
	"item": [
		{
			"name": "http://localhost:3000/users/signin",
			"request": {
				"method": "POST",
				"header": [],
				"body": {
					"mode": "raw",
					"raw": "{\r\n\r\n    \"email\":\"admin@gmail.com\",\r\n    \"password\":\"admin@123\"\r\n}",
					"options": {
						"raw": {
							"language": "json"
						}
					}
				},
				"url": {
					"raw": "http://localhost:3000/users/signin",
					"protocol": "http",
					"host": [
						"localhost"
					],
					"port": "3000",
					"path": [
						"users",
						"signin"
					]
				}
			},
			"response": []
		},
		{
			"name": "http://localhost:3000/movies/addMovie",
			"request": {
				"auth": {
					"type": "bearer",
					"bearer": [
						{
							"key": "token",
							"value": "eyJhbGciOiJIUzI1NiIsInR5cCI6IkpXVCJ9.eyJpZCI6MSwidHlwZSI6ImFkbWluIiwiaWF0IjoxNzAwNTU2Nzk3LCJleHAiOjE3MDA1NjAzOTd9.J2oxoAr6fBDFkhbqLSadyG39BBDwHAyLHjrv4wEWSXY",
							"type": "string"
						}
					]
				},
				"method": "POST",
				"header": [],
				"body": {
					"mode": "raw",
					"raw": "{\r\n    \"title\": \"movie\",\r\n    \"genre\": \"action\",\r\n    \"rating\": 3,\r\n    \"streamingLink\": \"htttp: //movies.com\"\r\n}",
					"options": {
						"raw": {
							"language": "json"
						}
					}
				},
				"url": {
					"raw": "http://localhost:3000/movies/addMovie",
					"protocol": "http",
					"host": [
						"localhost"
					],
					"port": "3000",
					"path": [
						"movies",
						"addMovie"
					]
				}
			},
			"response": []
		},
		{
			"name": "http://localhost:3000/movies/getAllMovies",
			"request": {
				"method": "GET",
				"header": [],
				"url": {
					"raw": "http://localhost:3000/movies/getAllMovies",
					"protocol": "http",
					"host": [
						"localhost"
					],
					"port": "3000",
					"path": [
						"movies",
						"getAllMovies"
					]
				}
			},
			"response": []
		},
		{
			"name": "http://localhost:3000/movies/updateMovie/:id",
			"request": {
				"auth": {
					"type": "bearer",
					"bearer": [
						{
							"key": "token",
							"value": "eyJhbGciOiJIUzI1NiIsInR5cCI6IkpXVCJ9.eyJpZCI6MSwidHlwZSI6ImFkbWluIiwiaWF0IjoxNzAwNTU2Nzk3LCJleHAiOjE3MDA1NjAzOTd9.J2oxoAr6fBDFkhbqLSadyG39BBDwHAyLHjrv4wEWSXY",
							"type": "string"
						}
					]
				},
				"method": "PUT",
				"header": [],
				"body": {
					"mode": "raw",
					"raw": "{\r\n    \"title\": \"leo\",\r\n    \"genre\": \"action\",\r\n    \"rating\": 3,\r\n    \"streamingLink\": \"htttp://movies.com\"\r\n}",
					"options": {
						"raw": {
							"language": "json"
						}
					}
				},
				"url": {
					"raw": "http://localhost:3000/movies/updateMovie/:id",
					"protocol": "http",
					"host": [
						"localhost"
					],
					"port": "3000",
					"path": [
						"movies",
						"updateMovie",
						":id"
					],
					"variable": [
						{
							"key": "id",
							"value": "655c3dcdc95c77e2e42f2a3a"
						}
					]
				}
			},
			"response": []
		},
		{
			"name": "http://localhost:3000/movies/deleteMovie/:id",
			"request": {
				"auth": {
					"type": "bearer",
					"bearer": [
						{
							"key": "token",
							"value": "eyJhbGciOiJIUzI1NiIsInR5cCI6IkpXVCJ9.eyJpZCI6MSwidHlwZSI6ImFkbWluIiwiaWF0IjoxNzAwNTU2Nzk3LCJleHAiOjE3MDA1NjAzOTd9.J2oxoAr6fBDFkhbqLSadyG39BBDwHAyLHjrv4wEWSXY",
							"type": "string"
						}
					]
				},
				"method": "DELETE",
				"header": [],
				"url": {
					"raw": "http://localhost:3000/movies/deleteMovie/:id",
					"protocol": "http",
					"host": [
						"localhost"
					],
					"port": "3000",
					"path": [
						"movies",
						"deleteMovie",
						":id"
					],
					"variable": [
						{
							"key": "id",
							"value": "655c3dcdc95c77e2e42f2a3a"
						}
					]
				}
			},
			"response": []
		},
		{
			"name": "http://localhost:3000/movies/searchMovies?q=movie",
			"request": {
				"auth": {
					"type": "bearer",
					"bearer": [
						{
							"key": "token",
							"value": "eyJhbGciOiJIUzI1NiIsInR5cCI6IkpXVCJ9.eyJpZCI6MSwidHlwZSI6ImFkbWluIiwiaWF0IjoxNzAwNTU2Nzk3LCJleHAiOjE3MDA1NjAzOTd9.J2oxoAr6fBDFkhbqLSadyG39BBDwHAyLHjrv4wEWSXY",
							"type": "string"
						}
					]
				},
				"method": "GET",
				"header": [],
				"url": {
					"raw": "http://localhost:3000/movies/searchMovies?q=movie",
					"protocol": "http",
					"host": [
						"localhost"
					],
					"port": "3000",
					"path": [
						"movies",
						"searchMovies"
					],
					"query": [
						{
							"key": "q",
							"value": "movie"
						}
					]
				}
			},
			"response": []
		}
	]
}